{
  "version": "0.1.0",
  "configurations": [
    // ローカルにあるファイルをデバッグ
    {
      // デバッグ設定の名称
      "name": "Launch local file",
      // デバッグ種別を指定（chrome/node/monoなど）
      "type": "chrome",
      // lanunchまたはattachを指定
      "request": "launch",
      // 読み込むHTMLファイルを指定（プロジェクトからのパスを指定）
      "file": "${workspaceRoot}/index04.html"
    },
    // Webサーバー上にあるファイルをデバッグ
    {
      // デバッグ設定の名称
      "name": "Launch remote website with sourcemaps",
      // デバッグ種別を指定（chrome/node/monoなど）
      "type": "chrome",
      // lanunchまたはattachを指定
      "request": "launch",
      // Webサーバー上にあるデバッグ対象のURLを指定
      "url": "http://127.0.0.1:8086/index.html",
      // マッピングするローカルファイルが配置されているディレクトリを指定
      "webRoot": "${workspaceRoot}/",
      // ソースマップの有効・無効の指定（true/false）
      "sourceMaps": true
    }
  ]
}
